depression_weight,suicidal_weight,val_macro_f1
1.4,1.15,0.8208123301843582
1.4,1.25,0.8208000819260263
1.4,1.35,0.8206194809322056
1.45,1.2,0.8203722752621129
1.45,1.3,0.820340713808056
1.4,1.3,0.8203321728326511
1.3,1.15,0.8203263170923747
1.4,1.2,0.8203226173965898
1.35,1.2,0.8203121647403678
1.35,1.25,0.8202256408624838
1.45,1.4,0.8202113724631505
1.35,1.1,0.8201976118284291
1.45,1.25,0.82007193537598
1.35,1.15,0.8200425470127266
1.5,1.35,0.8200413738175613
1.3,1.2,0.8200164032769471
1.4,1.1,0.820012858032871
1.35,1.3,0.8199259371472503
1.5,1.45,0.8198781822739418
1.6,1.3,0.8196988246267001
1.5,1.25,0.8196955454838499
1.45,1.35,0.8196829484179426
1.45,1.15,0.8196597588900749
1.55,1.4,0.8196365167165822
1.3,1.05,0.8196092565119881
1.6,1.45,0.8195884714691306
1.3,1.25,0.8195408679825367
1.3,1.1,0.8195373885872166
1.25,1.15,0.8195083093066637
1.35,1.05,0.8195008979417143
1.4,1.4,0.8194386668967092
1.6,1.35,0.819419948112843
1.5,1.4,0.8194172401178526
1.5,1.3,0.8193754662978117
1.6,1.4,0.8193412043958114
1.55,1.25,0.8193319241690717
1.4,1.45,0.819315330778491
1.4,1.05,0.8193114477648612
1.55,1.3,0.8192777873469974
1.45,1.1,0.819276489991652
1.55,1.5,0.8192676277414465
1.65,1.45,0.819254336213826
1.65,1.4,0.8192135537747423
1.55,1.45,0.8191510223278918
1.4,1.0,0.8191459814410598
1.25,1.1,0.8191243972499826
1.6,1.55,0.8191201477739525
1.35,1.35,0.8191070692557832
1.5,1.15,0.8190706956713968
1.35,1.4,0.8190607578769147
1.65,1.6,0.8190466113552703
1.65,1.35,0.8190427984001835
1.6,1.25,0.8190254697127429
1.6,1.5,0.8189663869565121
1.65,1.5,0.8189663604151259
1.45,1.45,0.8189659023175387
1.5,1.2,0.818964702759717
1.55,1.35,0.8189379068689014
1.7,1.4,0.818898365931338
1.45,1.5,0.8188971428778061
1.3,1.0,0.8188937621702607
1.35,0.95,0.8187725581996811
1.65,1.3,0.8187694493352025
1.3,1.3,0.8187181998873522
1.7,1.5,0.8186721987836245
1.25,1.05,0.8186675492749055
1.25,1.2,0.818648633832339
1.55,1.2,0.8186371114605411
1.2,1.1,0.818621810159236
1.5,1.05,0.8185921225972521
1.35,1.0,0.8185885124700771
1.4,1.5,0.8185813703704596
1.6,1.2,0.8185372311954999
1.45,1.05,0.8185247962036977
1.5,1.5,0.8184960232099356
1.65,1.25,0.8184930101317658
1.35,1.45,0.8184509259845458
1.3,1.35,0.8184279283200822
1.6,1.15,0.8183768812779343
1.7,1.45,0.81837199343512
1.55,1.1,0.8183359808277663
1.7,1.65,0.8182811658123755
1.5,1.55,0.8182756167502518
1.6,1.65,0.8182303644657598
1.7,1.55,0.8182298598782215
1.65,1.55,0.8181908275745654
1.05,0.95,0.8181550287107601
1.55,1.15,0.8181474564654417
1.7,1.35,0.8181353049081899
1.3,1.4,0.8180722869645147
1.2,1.15,0.8180718301873835
1.05,1.0,0.8179835947624174
1.15,1.05,0.8179680897791449
1.2,1.05,0.8179465061641502
1.65,1.15,0.8179133576313253
1.15,1.1,0.817898339952052
1.7,1.2,0.8178976108675122
1.15,0.95,0.817894747476076
1.6,1.6,0.817893809403633
1.05,0.9,0.8178727813648018
1.1,1.05,0.8178681281634365
1.7,1.3,0.817863107786674
1.5,1.1,0.8178622506394141
1.2,1.0,0.8178527385384085
1.25,1.25,0.8178221476134225
1.45,1.55,0.8178214291134798
1.55,1.6,0.8178171572564754
1.65,1.2,0.8177913228014584
1.0,0.9,0.8177762731673893
1.55,1.55,0.8177336583305619
1.1,1.0,0.817712533328345
1.25,0.95,0.8177116438351169
1.3,0.95,0.8176991555781046
1.25,1.0,0.8176920978382967
1.1,0.9,0.8176330513282172
1.45,1.0,0.8176318442276953
1.65,1.7,0.8175942161885578
1.3,0.9,0.8175855238944402
1.7,1.6,0.8175548052855552
1.05,0.85,0.8175338304576961
1.5,1.6,0.8175034012035172
1.65,1.65,0.8174857843363672
1.2,0.95,0.8174374346952922
1.4,1.55,0.8173707582476226
1.1,0.95,0.8173622374480193
1.25,0.9,0.8173583447039647
1.25,1.3,0.8173368148425517
1.0,0.95,0.8173232207102918
1.15,1.0,0.8172899579963535
1.2,1.2,0.8172415078174982
1.4,0.95,0.8172209907425386
1.35,1.5,0.8171981255613076
1.7,1.25,0.8171845606116259
1.05,1.05,0.8171610178444112
1.25,1.35,0.8171230273091451
1.6,1.7,0.8171162246646517
1.55,1.65,0.817106684784369
1.45,1.6,0.8171054033965601
0.85,0.75,0.8170975944683714
1.1,1.1,0.8170285546584153
1.6,1.1,0.8170018948619577
1.15,0.9,0.8169926812631273
1.15,1.15,0.816977204467189
1.2,0.9,0.8169489382839987
0.85,0.7,0.8169150523785107
1.0,0.85,0.8168895150439965
1.1,0.85,0.8168831986948184
1.05,0.75,0.8167995324215598
0.95,0.85,0.8167810181440841
1.2,0.85,0.8167653418105072
0.95,0.9,0.8167536961876615
1.2,1.25,0.8167530322885753
1.7,1.7,0.8166957119254251
1.5,1.65,0.8166586013390487
1.4,0.9,0.8166522586181457
1.05,1.1,0.8166520968519582
1.1,1.15,0.8166307136564843
1.05,0.8,0.8166254145268187
0.9,0.75,0.8165569792285925
1.2,1.3,0.8165503327697741
1.15,1.2,0.8164859038653344
1.3,1.45,0.8163772108988191
1.0,0.75,0.8163717275612429
1.0,1.0,0.8163646086780679
0.9,0.8,0.8163117454085562
0.95,0.8,0.8163066713508627
0.95,0.75,0.8162986286188831
1.55,1.7,0.816239673398276
1.05,1.15,0.8162125795598062
1.55,1.05,0.8161709131121974
1.0,0.7,0.8161533686129557
0.9,0.7,0.8161160713853877
1.15,1.25,0.8161010209221667
1.1,1.2,0.8160640581906686
0.9,0.85,0.8160492578854568
1.5,0.95,0.8159682087350204
1.0,0.8,0.8159305270871026
1.0,1.05,0.8158581836016815
1.15,0.85,0.8158318721894323
1.35,0.9,0.8157597296814262
1.4,1.7,0.8157177827875521
0.85,0.8,0.8157149651408788
0.95,0.95,0.8157032727027393
1.3,1.55,0.8156795484108301
1.35,1.6,0.8156768149397096
1.4,1.65,0.8156309042229862
0.9,0.9,0.815629078417309
1.1,0.8,0.8155816654212233
0.8,0.7,0.8155747372866056
1.35,0.85,0.815513960597307
1.65,1.05,0.8155139418372354
1.15,0.8,0.8154692517025366
1.45,0.95,0.815445614178313
0.8,0.75,0.815416341742765
1.35,1.65,0.8153824266930048
0.75,0.7,0.8153762079260477
1.25,0.85,0.815373230702505
1.5,1.0,0.8153333180937307
1.0,1.1,0.8153151943804116
1.7,1.15,0.8153151790041736
1.4,1.6,0.8153061729166349
1.25,1.4,0.8153053374203747
1.45,1.65,0.815297892468387
0.95,0.7,0.8152891395686508
0.85,0.85,0.8152837776236476
0.95,1.0,0.8152699690614665
1.45,1.7,0.8152172402853382
1.5,1.7,0.8152125742446139
0.85,0.9,0.8151652027793613
0.9,0.95,0.8151060265977966
1.65,1.1,0.8150865224472671
1.35,1.7,0.8150723737216341
1.6,1.05,0.8150139557644163
1.45,0.9,0.8150004405652196
1.55,1.0,0.8149922014737617
1.3,1.5,0.8149425555357113
1.25,1.5,0.8148942228336314
1.35,1.55,0.8148303541312232
1.05,1.25,0.8147917380805777
1.6,1.0,0.8147655576006998
1.3,1.6,0.8147311429453488
1.3,0.85,0.8147170084070225
1.4,0.85,0.8146848364461912
1.2,1.35,0.8146777578251128
0.75,0.75,0.8146392410383169
1.3,1.65,0.8146241082273504
1.1,0.75,0.8145554770207986
0.95,1.05,0.8145353774338754
1.3,1.7,0.8145089876614537
1.15,1.3,0.8144253549109344
1.25,1.45,0.8143967543905795
1.7,1.1,0.8143785882302507
1.2,1.45,0.8142570572897152
1.25,1.6,0.8142493170802225
1.1,1.25,0.8141931037398222
1.55,0.95,0.8141315264486797
1.25,0.8,0.8141129631504169
1.05,1.35,0.814079404834354
0.8,0.8,0.8140514750010219
1.2,1.4,0.8140196940327937
1.0,1.2,0.814009217228942
1.3,0.8,0.8140054170359179
1.1,1.4,0.813994312000506
1.35,0.8,0.813912720842007
1.15,1.35,0.8139065444504942
1.5,0.9,0.813885443145476
1.1,1.3,0.8138666155585315
0.9,1.0,0.8138566519916313
1.05,1.3,0.8138335354196815
1.45,0.85,0.8138292373187088
1.65,0.9,0.8138264172437089
1.25,1.55,0.8138207299474985
1.15,1.4,0.813799198213371
1.1,0.7,0.8137869338232855
1.05,1.2,0.8137369660407305
1.4,0.75,0.8137365180491997
1.2,1.5,0.813732070708467
1.1,1.35,0.8137018681110663
1.6,0.95,0.813701353473619
0.8,0.85,0.8137000799605649
1.05,0.7,0.8136495878663124
1.65,1.0,0.8136330341895032
1.15,1.45,0.8136100444666357
1.65,0.95,0.8135922561408261
1.3,0.7,0.8135691685670478
1.7,1.05,0.8135583364075013
1.35,0.75,0.8135334946258677
1.3,0.75,0.8134565514178664
1.0,1.25,0.813443802644445
1.15,0.75,0.8133929284213396
0.7,0.7,0.8133839918204201
1.6,0.9,0.8133831396091948
1.25,1.65,0.8133571957490392
1.2,0.8,0.8133026006720743
1.15,1.5,0.8132946276263641
1.0,1.3,0.8132888973977934
1.4,0.8,0.8132857413219631
1.2,0.75,0.8132853889513726
1.2,1.55,0.8132650550699404
0.75,0.8,0.8132227984435472
0.95,1.15,0.8132159579205502
1.45,0.8,0.8131942435038635
1.55,0.85,0.8131829967066068
1.1,1.45,0.8130656098541159
0.85,0.95,0.8130471198737395
1.55,0.9,0.8130380172748531
0.9,1.15,0.8129760138223412
1.0,1.15,0.8129503282985079
1.5,0.85,0.8129222744349038
0.95,1.2,0.8128560865676954
1.7,1.0,0.8128264864804586
0.9,1.1,0.8128145918580078
1.15,0.7,0.8127779437186018
1.7,0.95,0.8127444639992356
0.7,0.75,0.8127205967099964
1.5,0.8,0.8127126584154869
1.05,1.45,0.812689518932396
1.25,1.7,0.812653326185069
0.95,1.1,0.8126523380383092
1.05,1.4,0.8126323385137821
1.6,0.85,0.8126093489083941
1.25,0.75,0.8126069571092289
0.9,1.05,0.812585075600496
0.85,1.1,0.8125200331906179
1.7,0.9,0.812470426457995
0.85,1.0,0.8124441803791881
1.35,0.7,0.812423363736264
1.1,1.5,0.8123555707098848
1.0,1.35,0.8123293769619776
0.95,1.25,0.8122964362633217
0.85,1.05,0.8122875674276775
1.2,1.7,0.8122799132229483
1.45,0.75,0.8122129766400631
1.2,1.65,0.81221051420029
1.05,1.5,0.8121722481724294
0.95,1.35,0.8121502806906635
1.2,1.6,0.8121216841077725
1.25,0.7,0.8121114855229672
1.1,1.55,0.8120849555906554
1.15,1.6,0.8120604927651962
1.15,1.55,0.8120437947795347
0.8,0.9,0.8120069553413014
1.65,0.85,0.8119641323371933
0.95,1.3,0.811929978578967
1.4,0.7,0.8118993156176372
0.85,1.15,0.8118732171730716
1.0,1.4,0.8118511170536861
1.2,0.7,0.8118368186749791
1.05,1.6,0.8117927804579718
0.85,1.2,0.8116988219267571
0.8,0.95,0.811692625090447
0.9,1.25,0.8116473876369026
0.75,0.9,0.8116148590924435
1.05,1.65,0.811467422580376
0.9,1.2,0.8114288380602993
1.15,1.65,0.8113647793308755
1.55,0.8,0.8113525115741209
0.75,0.85,0.8113325713655355
1.0,1.45,0.8113162811416714
1.1,1.6,0.811301729673918
0.8,1.05,0.8112584992585348
0.8,1.0,0.8112211336202187
1.5,0.75,0.811195812620987
1.45,0.7,0.8111315706069466
1.05,1.55,0.8110057819205339
0.85,1.25,0.8109130288381095
0.95,1.45,0.8109029720845705
0.9,1.3,0.8108759204711643
0.95,1.4,0.8108661566182951
0.75,0.95,0.810846033848178
1.1,1.7,0.8108325885841765
0.85,1.3,0.8107127457634247
0.8,1.1,0.8106706930279864
1.6,0.8,0.8106553478120914
1.0,1.55,0.8105899522763587
1.55,0.75,0.8104413472656772
1.15,1.7,0.8104277940271809
1.0,1.6,0.8103882597162921
0.85,1.35,0.8103119302346683
0.8,1.15,0.8102011124407968
1.1,1.65,0.8101893496406023
1.0,1.5,0.8101805891822524
0.9,1.4,0.8101771945078169
0.95,1.5,0.8101600744380597
1.05,1.7,0.8101338160982169
1.7,0.85,0.8101123011009916
0.7,0.9,0.810023815229567
1.65,0.8,0.8100207834899634
0.7,0.85,0.8100071989304329
0.75,1.05,0.8099958486548527
0.75,1.0,0.8099769141945887
0.75,1.15,0.8098847303568297
0.9,1.35,0.8098835373745812
0.75,1.1,0.8097822387433261
0.9,1.45,0.8096177650323129
1.5,0.7,0.8096162394715996
0.8,1.25,0.8095941435856499
1.6,0.75,0.8093974290624076
0.75,1.2,0.8092809145739199
1.65,0.75,0.8090932757823286
0.7,0.95,0.8090528014181273
0.8,1.2,0.8090081640021152
0.95,1.55,0.8089822503590589
0.7,0.8,0.8089634358248113
0.7,1.1,0.8089081744428738
0.85,1.4,0.8088127837303529
0.7,1.0,0.8087584402876327
1.55,0.7,0.808735702409029
1.0,1.7,0.8087092565101192
1.0,1.65,0.8086728798115177
0.8,1.3,0.8085911540626444
0.85,1.45,0.8084421885996091
0.95,1.6,0.8083753293866915
1.7,0.8,0.8083577703091567
0.9,1.5,0.808267427951453
0.9,1.55,0.807876665681548
0.8,1.35,0.8077761384362973
0.75,1.25,0.8076731663308325
0.95,1.65,0.8076443186732936
0.7,1.05,0.8075568370494624
0.85,1.5,0.8074960539416342
0.7,1.15,0.8074000101515326
0.9,1.6,0.8072727921645845
0.75,1.3,0.8072608909025132
0.85,1.65,0.8071805944900823
0.85,1.6,0.8071515902563323
0.9,1.7,0.8069526405598693
0.95,1.7,0.8068955741845965
0.8,1.4,0.8068722744941882
0.9,1.65,0.806729288748409
1.7,0.75,0.8067276740130751
0.75,1.45,0.8067139032805515
0.85,1.55,0.8066991609275824
0.75,1.35,0.8066410598383634
0.7,1.2,0.8065786353424691
0.8,1.5,0.8065234161338785
0.75,1.4,0.8065147816765155
0.8,1.55,0.8064997692187313
0.85,1.7,0.8064163352551078
0.7,1.35,0.8063948090322977
0.8,1.45,0.8062967126998184
1.6,0.7,0.8062695134794937
0.75,1.5,0.8061402609245216
0.7,1.25,0.8059690736102907
0.7,1.4,0.8058564883114341
0.8,1.6,0.8057552191763309
0.75,1.55,0.8057233008064765
0.7,1.3,0.8054501432196772
0.8,1.65,0.8053868876104429
0.7,1.45,0.8052540598186341
0.8,1.7,0.8050000744180663
0.75,1.6,0.8047595870838828
0.7,1.5,0.8044581310624823
0.75,1.65,0.8043705445914304
0.7,1.55,0.8040086353662598
0.75,1.7,0.8035574737136111
0.7,1.6,0.8024294421349821
1.65,0.7,0.8021068172074544
0.7,1.65,0.8018607909997555
1.7,0.7,0.8005883679481041
0.7,1.7,0.8004514971022851
